กระบวนการ,แนวทางการขาย,แนวการพูด,Word1,Word2,Word3,Word4,Word5,Word6,Word7,Word8,Word9,Colour
TELESALES,การเริ่มบทสนทนา,การเริ่มบทสนทนา,สวัสดี,ธนาคารกรุงไทย,,,,,,,,#ffff00
TELESALES,การเริ่มบทสนทนา,การเริ่มบทสนทนา,พนักงาน,กรุงไทย,,,,,,,,#ffff00
TELESALES,การเริ่มบทสนทนา,การเริ่มบทสนทนา,ในนาม,กรุงไทย,,,,,,,,#ffff00
TELESALES,การเริ่มบทสนทนา,การเริ่มบทสนทนา,เลขที่พนักงาน,ธนาคารกรุงไทย,,,,,,,,#ffff00
TELESALES,การแนะนำตัว,แนะนำตัว,ขออนุญาต,เรียนสาย,เรียนสาย,,,,,,,#9900ff
TELESALES,การแนะนำตัว,แนะนำตัว,ขออนุญาต,ติดต่อ,ติดต่อ,,,,,,,#9900ff
TELESALES,การแนะนำตัว,แนะนำตัว,รหัสพนักงาน,,,,,,,,,#9900ff
TELESALES,การแนะนำตัว,แนะนำตัว,เลขที่พนักงาน,,,,,,,,,#9900ff
TELESALES,การแนะนำตัว,แนะนำตัว,ใบอนุญาต,,,,,,,,,#9900ff
TELESALES,การแนะนำตัว,แนะนำตัว,license,,,,,,,,,#9900ff
TELESALES,การแนะนำตัว,แนะนำตัว,เลขที่ี่ใบอนุญาต,,,,,,,,,#9900ff
TELESALES,การแนะนำตัว,แนะนำตัว,ใบอนุญาต,เลขที่,,,,,,,,#9900ff
TELESALES,การแนะนำตัว,แนะนำตัว,ประชาสัมพันธ์,สินเชื่อ,อเนกประสงค์,,,,,,,#9900ff
TELESALES,การแนะนำตัว,แนะนำตัว,สะดวก,รับฟัง,ครับ,,,,,,,#9900ff
TELESALES,การแนะนำตัว,แนะนำตัว,สะดวก,รับฟัง,คะ,,,,,,,#9900ff
TELESALES,การแนะนำตัว,แนะนำตัว,ขอเวลาสั้นๆ,สะดวก,,,,,,,,#9900ff
TELESALES,การแนะนำตัว,แนะนำตัว,ขออนุญาต,เรียนสาย,,,,,,,,#9900ff
TELESALES,การแนะนำตัว,แนะนำตัว,ขออนุญาต,เรียนสาย,,,,,,,,#9900ff
TELESALES,การแนะนำตัว,แนะนำตัว,สะดวก,สักครู่,,,,,,,,#9900ff
TELESALES,การแนะนำตัว,แนะนำตัว,สะดวก,เรียนสาย,,,,,,,,#9900ff
TELESALES,การแนะนำตัว,นโยบายความเป็นส่วนตัว,ศึกษานโยบาย,คุ้มครอง,ความเป็นส่วนตัว,,,,,,,#9900ff
TELESALES,การแนะนำตัว,นโยบายความเป็นส่วนตัว,นโยบาย,ส่วนตัว,,,,,,,,#9900ff
TELESALES,การแนะนำตัว,นโยบายความเป็นส่วนตัว,ความเป็นส่วนตัว,,,,,,,,,#9900ff
TELESALES,การแนะนำตัว,นโยบายความเป็นส่วนตัว,Privacy Policy,,,,,,,,,#9900ff
TELESALES,การแนะนำตัว,นโยบายความเป็นส่วนตัว,ความเป็นส่วนตัว,,,,,,,,,#9900ff
TELESALES,การแนะนำตัว,ขออนุญาตบันทึกเสียง,ระหว่าง,สนทนา,,,,,,,,#ffff00
TELESALES,การแนะนำตัว,ขออนุญาตบันทึกเสียง,ขออนุญาต,บันทึกเสียง,,,,,,,,#ffff00
TELESALES,การแนะนำตัว,ขออนุญาตบันทึกเสียง,การสนทนา,เพื่อปรับปรุง,บริการ,,,,,,,#ffff00
TELESALES,การแนะนำตัว,ขออนุญาตบันทึกเสียง,เว็บไซต์,ธนาคาร,,,,,,,,#ffff00
TELESALES,การแนะนำตัว,ขออนุญาตบันทึกเสียง,www.krungthai.com,,,,,,,,,#ffff00
TELESALES,การแนะนำตัว,กรณีลูกค้าไม่สะดวกรับฟัง / ปฏิเสธ,ขออภัย,ครับ,,,,,,,,#9900ff
TELESALES,การแนะนำตัว,กรณีลูกค้าไม่สะดวกรับฟัง / ปฏิเสธ,ขออภัย,ค่ะ,,,,,,,,#9900ff
TELESALES,การแนะนำตัว,กรณีลูกค้าไม่สะดวกรับฟัง / ปฏิเสธ,สะดวก,ติดต่อ,กลับมาใหม่,,,,,,,#9900ff
TELESALES,การแนะนำตัว,กรณีลูกค้าไม่สะดวกรับฟัง / ปฏิเสธ,ช่วง,เวลา,,,,,,,,#9900ff
TELESALES,การแนะนำตัว,กรณีลูกค้าไม่สะดวกรับฟัง / ปฏิเสธ,ติดต่อกลับ,ไปอีกครั้ง,ตามเวลานัดหมาย,,,,,,,#9900ff
TELESALES,การแนะนำตัว,กรณีลูกค้าไม่สะดวกรับฟัง / ปฏิเสธ,ไม่ประสงค์,ติิดต่อ,ทางโทรศัพท์,,,,,,,#9900ff
TELESALES,การแนะนำตัว,กรณีลูกค้าไม่สะดวกรับฟัง / ปฏิเสธ,ไม่ประสงค์,นำเสนอ,ทางโทรศัพท์,,,,,,,#9900ff
TELESALES,การแนะนำตัว,กรณีลูกค้าไม่สะดวกรับฟัง / ปฏิเสธ,ไม่ประสงค์ให้ธนาคาร,นำเสนอ,ผลิตภัณฑ์,ทางโทรศัพท์,,,,,,#9900ff
TELESALES,การแนะนำตัว,กรณีลูกค้าไม่สะดวกรับฟัง / ปฏิเสธ,ไม่ประสงค์ให้ธนาคาร,นำเสนอ,ผลิตภัณฑ์,บริการ,ทางโทรศัพท์,,,,,#9900ff
TELESALES,การแนะนำตัว,กรณีลูกค้าไม่สะดวกรับฟัง / ปฏิเสธ,ไม่ประสงค์ให้ธนาคาร,ติดต่อ,ผลิตภัณฑ์,บริการ,ทางโทรศัพท์,,,,,#9900ff
TELESALES,การแนะนำตัว,กรณีลูกค้าไม่สะดวกรับฟัง / ปฏิเสธ,ไม่ต้องการให้ธนาคาร,นำเสนอ,ผลิตภัณฑ์,บริการ,ทางโทรศัพท์,,,,,#9900ff
TELESALES,การแนะนำตัว,กรณีลูกค้าไม่สะดวกรับฟัง / ปฏิเสธ,ไม่ต้องการให้ธนาคาร,ติดต่อ,ผลิตภัณฑ์,บริการ,ทางโทรศัพท์,,,,,#9900ff
TELESALES,การแนะนำตัว,กรณีลูกค้าไม่สะดวกรับฟัง / ปฏิเสธ,สามารถ,ติดต่อยกเลิก,หมายเลข,02-111-1111,,,,,,#9900ff
TELESALES,การแนะนำตัว,กรณีลูกค้าไม่สะดวกรับฟัง / ปฏิเสธ,ได้ตลอด,ยี่สิบสี่ชั่วโมง,ขอบคุณ,,,,,,,#9900ff
TELESALES,การแนะนำตัว,กรณีลูกค้าไม่สะดวกรับฟัง / ปฏิเสธ,ได้ตลอด,ยี่สิบสี่ชั่วโมง,ขอบพระคุณ,,,,,,,#9900ff
TELESALES,การแนะนำตัว,กรณีลูกค้าไม่สะดวกรับฟัง / ปฏิเสธ,ได้ตลอดยี่สิบสี่ชั่วโมง,ขอบคุณ,,,,,,,,#9900ff
TELESALES,การแนะนำตัว,กรณีลูกค้าไม่สะดวกรับฟัง / ปฏิเสธ,คิด,ก่อน,,,,,,,,#9900ff
TELESALES,การแนะนำตัว,กรณีลูกค้าไม่สะดวกรับฟัง / ปฏิเสธ,พิจารณา,ก่อน,,,,,,,,#9900ff
TELESALES,สอบถามข้อมูลลูกค้า,สอบถามข้อมูลลูกค้า,ขออนุญาต,สอบถาม,ข้อมูล,ประกอบการพิจารณา,วงเงิน,,,,,#4a86e8
TELESALES,สอบถามข้อมูลลูกค้า,สอบถามข้อมูลลูกค้า,ขอ,สอบถาม,ข้อมูล,ประกอบ,,,,,,#4a86e8
TELESALES,สอบถามข้อมูลลูกค้า,สอบถามข้อมูลลูกค้า,ขอ,สอบถาม,ข้อมูล,ประกอบ,วงเงิน,,,,,#4a86e8
TELESALES,สอบถามข้อมูลลูกค้า,สอบถามข้อมูลลูกค้า,ขอ,สอบถาม,ข้อมูล,เบื้องต้น,,,,,,#4a86e8
TELESALES,สอบถามข้อมูลลูกค้า,สอบถามข้อมูลลูกค้า,ขอ,สอบถาม,ข้อมูล,พิจารณา,,,,,,#4a86e8
TELESALES,สอบถามข้อมูลลูกค้า,สอบถามข้อมูลลูกค้า,ขอ,สอบถาม,ข้อมูล,พิจารณา,วงเงิน,,,,,#4a86e8
TELESALES,สอบถามข้อมูลลูกค้า,สอบถามข้อมูลลูกค้า,ขอ,สอบถาม,ข้อมูล,เบื้องต้น,,,,,,#4a86e8
TELESALES,สอบถามข้อมูลลูกค้า,สอบถามข้อมูลลูกค้า,เคย,ล่าช้า,,,,,,,,#4a86e8
TELESALES,สอบถามข้อมูลลูกค้า,สอบถามข้อมูลลูกค้า,ไม่มี,ค้างชำระ,,,,,,,,#4a86e8
TELESALES,สอบถามข้อมูลลูกค้า,สอบถามข้อมูลลูกค้า,เงินเดือน,ผ่านธนาคาร,,,,,,,,#4a86e8
TELESALES,สอบถามข้อมูลลูกค้า,สอบถามข้อมูลลูกค้า,ปัจจุบัน,เงินเดือน,,,,,,,,#4a86e8
TELESALES,สอบถามข้อมูลลูกค้า,สอบถามข้อมูลลูกค้า,หลังหัก,ค่าใช้จ่าย,เหลือ,,,,,,,#4a86e8
TELESALES,สอบถามข้อมูลลูกค้า,สอบถามข้อมูลลูกค้า,หัก,ค่าใช้จ่าย,เหลือ,เข้าบัญชี,,,,,,#4a86e8
TELESALES,สอบถามข้อมูลลูกค้า,สอบถามข้อมูลลูกค้า,หัก,ค่าใช้จ่าย,,,,,,,,#4a86e8
TELESALES,สอบถามข้อมูลลูกค้า,สอบถามข้อมูลลูกค้า,เงินเดือนเข้า,ไม่น้อยกว่า,,,,,,,,#4a86e8
TELESALES,สอบถามข้อมูลลูกค้า,สอบถามข้อมูลลูกค้า,เงินเดือน,ไม่น้อยกว่า,,,,,,,,#4a86e8
TELESALES,การนำเสนอข้อมูลผลิตภัณฑ์ ,รายละเอียด - ทั่วไป,เริ่ม,คิดดอกเบี้ย,,,,,,,,#00ff00
TELESALES,การนำเสนอข้อมูลผลิตภัณฑ์ ,รายละเอียด - ทั่วไป,ตั้งแต่วันที่,เงินเข้าบัญชี,เงินเข้าบัญชี,,,,,,,#00ff00
TELESALES,การนำเสนอข้อมูลผลิตภัณฑ์ ,รายละเอียด - ทั่วไป,นับตั้งแต่วันที่,เงินโอนเข้าบัญชี,,,,,,,,#00ff00
TELESALES,การนำเสนอข้อมูลผลิตภัณฑ์ ,รายละเอียด - ทั่วไป,ประการที่สอง,,,,,,,,,#00ff00
TELESALES,การนำเสนอข้อมูลผลิตภัณฑ์ ,รายละเอียด - ทั่วไป,วงเงินกู้,สูงสุด,สองล้าน,,,,,,,#00ff00
TELESALES,การนำเสนอข้อมูลผลิตภัณฑ์ ,รายละเอียด - ทั่วไป,ไม่ใช้,หลักประกัน,,,,,,,,#00ff00
TELESALES,การนำเสนอข้อมูลผลิตภัณฑ์ ,รายละเอียด - ทั่วไป,ประการที่สาม,,,,,,,,,#00ff00
TELESALES,การนำเสนอข้อมูลผลิตภัณฑ์ ,รายละเอียด - ทั่วไป,ลูกค้า,ข้าราชการ,รัฐวิสาหกิจ,,,,,,,#00ff00
TELESALES,การนำเสนอข้อมูลผลิตภัณฑ์ ,รายละเอียด - ทั่วไป,ไม่,เงินเดือน,บัญชี,กรุงไทย,ยื่นกู้,ได้,,,,#00ff00
TELESALES,การนำเสนอข้อมูลผลิตภัณฑ์ ,รายละเอียด - ทั่วไป,ประการที่สี่,,,,,,,,,#00ff00
TELESALES,การนำเสนอข้อมูลผลิตภัณฑ์ ,รายละเอียด - ทั่วไป,สามารถ,เลือก,ระยะเวลา,ผ่อน,สูงสุด,ปี,,,,#00ff00
TELESALES,การนำเสนอข้อมูลผลิตภัณฑ์ ,รายละเอียด - ทั่วไป,เลือก,ระยะเวลา,ผ่อน,นาน,20 ปี,,,,,#00ff00
TELESALES,การนำเสนอข้อมูลผลิตภัณฑ์ ,รายละเอียด - ทั่วไป,ประการที่ห้า,,,,,,,,,#00ff00
TELESALES,การนำเสนอข้อมูลผลิตภัณฑ์ ,รายละเอียด - ทั่วไป,สามารถ,กู้เท่าที่จำเป็น,ชำระคืนไหว,,,,,,,#00ff00
TELESALES,การนำเสนอข้อมูลผลิตภัณฑ์ ,รายละเอียด - ทั่วไป,กรณีลูกค้า,เลือกระยะเวลา,ผ่อนนาน,ทำให้เสียดอกเบี้ย,สัญญาเพิ่มขึ้น,,,,,#00ff00
TELESALES,การนำเสนอข้อมูลผลิตภัณฑ์ ,รายละเอียด - ทั่วไป,ชำระค่างวด,ไม่เต็มจำนวน,ทำให้ดอกเบี้ย,เพิ่มขึ้น,,,,,,#00ff00
TELESALES,การนำเสนอข้อมูลผลิตภัณฑ์ ,รายละเอียด - ทั่วไป,ปิดจบหนี้,นานกว่า,ชำระค่างวด,เต็มจานวน,,,,,,#00ff00
TELESALES,การนำเสนอข้อมูลผลิตภัณฑ์ ,รายละเอียด - ทั่วไป,นำเงินมาชำระหนี้,มากกว่าค่างวด,ที่กำหนด,ธนาคารจะ,ตัดเงินต้นคงเหลือ,,,,,#00ff00
TELESALES,การนำเสนอข้อมูลผลิตภัณฑ์ ,รายละเอียด - ทั่วไป,ปัจจุบัน,อัตราดอกเบี้ย,เริ่มต้น,เพียง,MRR + 0.75,ถึง MRR + 3.75,,,,#00ff00
TELESALES,การนำเสนอข้อมูลผลิตภัณฑ์ ,รายละเอียด - ทั่วไป,อัตราดอกเบี้ย,เริ่มต้น,,,,,,,,#00ff00
TELESALES,การนำเสนอข้อมูลผลิตภัณฑ์ ,รายละเอียด - ทั่วไป,อัตราดอกเบี้ย,เริ่มต้น,MRR,,,,,,,#00ff00
TELESALES,การนำเสนอข้อมูลผลิตภัณฑ์ ,รายละเอียด - ทั่วไป,อัตราดอกเบี้ย,พิเศษ,,,,,,,,#00ff00
TELESALES,การนำเสนอข้อมูลผลิตภัณฑ์ ,รายละเอียด - ทั่วไป,MRR,ปัจจุบัน,ต่อปี,,,,,,,#00ff00
TELESALES,การนำเสนอข้อมูลผลิตภัณฑ์ ,รายละเอียด - ทั่วไป,MRR,ปัจจุบัน,,,,,,,,#00ff00
TELESALES,การนำเสนอข้อมูลผลิตภัณฑ์ ,รายละเอียด - ทั่วไป,ดอกเบี้ย,ปัจจุบัน,ต่อปี,,,,,,,#00ff00
TELESALES,การนำเสนอข้อมูลผลิตภัณฑ์ ,รายละเอียด - ทั่วไป,ดอกเบี้ย,ปัจจุบัน,,,,,,,,#00ff00
TELESALES,การนำเสนอข้อมูลผลิตภัณฑ์ ,รายละเอียด - ทั่วไป,ดอกเบี้ย,ลอยตัว,,,,,,,,#00ff00
TELESALES,การนำเสนอข้อมูลผลิตภัณฑ์ ,รายละเอียด - ทั่วไป,เริ่มคิดดอกเบี้ย,ตั้งแต่,วันที่เงินเข้า,บัญชี,,,,,,#00ff00
TELESALES,การนำเสนอข้อมูลผลิตภัณฑ์ ,รายละเอียด - ทั่วไป,เริ่มคิดดอกเบี้ย,วันที่เงินเข้า,บัญชี,,,,,,,#00ff00
TELESALES,การนำเสนอข้อมูลผลิตภัณฑ์ ,รายละเอียด - ทั่วไป,เริ่มคิด,เงินเข้า,บัญชี,,,,,,,#00ff00
TELESALES,การนำเสนอข้อมูลผลิตภัณฑ์ ,รายละเอียด - วงเงิน,วงเงินกู้,สูงสุด,2 ล้านบาท,,,,,,,#00ff00
TELESALES,การนำเสนอข้อมูลผลิตภัณฑ์ ,รายละเอียด - วงเงิน,วงเงินกู้,สูงสุด,,,,,,,,#00ff00
TELESALES,การนำเสนอข้อมูลผลิตภัณฑ์ ,รายละเอียด - วงเงิน,ไม่ใช้,หลักทรัพย์,ค้ำประกัน,,,,,,,#00ff00
TELESALES,การนำเสนอข้อมูลผลิตภัณฑ์ ,คุณสมบัติลูกค้า,กลุ่ม,ข้าราชการ,,,,,,,,#00ff00
TELESALES,การนำเสนอข้อมูลผลิตภัณฑ์ ,คุณสมบัติลูกค้า,กลุ่ม,รัฐวิสาหกิจ,,,,,,,,#00ff00
TELESALES,การนำเสนอข้อมูลผลิตภัณฑ์ ,คุณสมบัติลูกค้า,กลุ่ม,รัฐ,,,,,,,,#00ff00
TELESALES,การนำเสนอข้อมูลผลิตภัณฑ์ ,คุณสมบัติลูกค้า,ข้าราชการ,,,,,,,,,#00ff00
TELESALES,การนำเสนอข้อมูลผลิตภัณฑ์ ,คุณสมบัติลูกค้า,รัฐวิสาหกิจ,,,,,,,,,#00ff00
TELESALES,การนำเสนอข้อมูลผลิตภัณฑ์ ,คุณสมบัติลูกค้า,ไม่,เงินเดือนผ่าน,ธนาคาร,,,,,,,#00ff00
TELESALES,การนำเสนอข้อมูลผลิตภัณฑ์ ,สอบถามข้อมูลลูกค้า,ปัจจุบัน,ข้าราชการ,ข้าราชการ,พนักงานรัฐวิสาหกิจ,,,,,,#4a86e8
TELESALES,การนำเสนอข้อมูลผลิตภัณฑ์ ,สอบถามข้อมูลลูกค้า,ปัจจุบัน,พนักงานรัฐ,,,,,,,,#4a86e8
TELESALES,การนำเสนอข้อมูลผลิตภัณฑ์ ,สอบถามข้อมูลลูกค้า,ปัจจุบัน,ราชการ,,,,,,,,#4a86e8
TELESALES,การนำเสนอข้อมูลผลิตภัณฑ์ ,สอบถามข้อมูลลูกค้า,เป็น,ข้าราชการ,,,,,,,,#4a86e8
TELESALES,การนำเสนอข้อมูลผลิตภัณฑ์ ,สอบถามข้อมูลลูกค้า,เป็น,พนักงานรัฐ,,,,,,,,#4a86e8
TELESALES,การนำเสนอข้อมูลผลิตภัณฑ์ ,สอบถามข้อมูลลูกค้า,เงินเดือน,ปัจจุบัน,,,,,,,,#4a86e8
TELESALES,การนำเสนอข้อมูลผลิตภัณฑ์ ,สอบถามข้อมูลลูกค้า,ค้างชำระ,,,,,,,,,#4a86e8
TELESALES,การนำเสนอข้อมูลผลิตภัณฑ์ ,รายละเอียด - ทั่วไป,คิดเพิ่ม,จากอัตราดอกเบี้ยปกติ,สูงสุด,,,,,,,#00ff00
TELESALES,การนำเสนอข้อมูลผลิตภัณฑ์ ,รายละเอียด - ทั่วไป,คิดเพิ่มขึ้น,จากดอกเบี้ยปกติ,สูงสุด,,,,,,,#00ff00
TELESALES,การนำเสนอข้อมูลผลิตภัณฑ์ ,รายละเอียด - ทั่วไป,นับจาก,ผิดนัด,,,,,,,,#00ff00
TELESALES,การนำเสนอข้อมูลผลิตภัณฑ์ ,รายละเอียด - ทั่วไป,นับจาก,ผิดนัด,ถึงศาล,,,,,,,#00ff00
TELESALES,การนำเสนอข้อมูลผลิตภัณฑ์ ,รายละเอียด - ทั่วไป,นับจาก,ผิดนัด,ศาลรับฟ้อง,,,,,,,#00ff00
TELESALES,การนำเสนอข้อมูลผลิตภัณฑ์ ,รายละเอียด - ทั่วไป,นับจาก,ผิดนัด,ถึงศาลรับฟ้อง,,,,,,,#00ff00
TELESALES,การนำเสนอข้อมูลผลิตภัณฑ์ ,รายละเอียด - ทั่วไป,นับจาก,ผิดนัด,ถึงศาลรับฟ้อง,,,,,,,#00ff00
TELESALES,การนำเสนอข้อมูลผลิตภัณฑ์ ,รายละเอียด - ทั่วไป,รับฟัง,โครงการ,เป็นอย่างไร,,,,,,,#00ff00
TELESALES,การนำเสนอข้อมูลผลิตภัณฑ์ ,รายละเอียด - ทั่วไป,รับฟัง,โครงการ,อย่างไร,,,,,,,#00ff00
TELESALES,การนำเสนอข้อมูลผลิตภัณฑ์ ,รายละเอียด - ทั่วไป,สนใจ,สมัคร,,,,,,,,#00ff00
TELESALES,การนำเสนอข้อมูลผลิตภัณฑ์ ,รายละเอียด - ทั่วไป,สนใจ,สมัคร,สินเชื่อ,,,,,,,#00ff00
TELESALES,การนำเสนอข้อมูลผลิตภัณฑ์ ,เอกสาร / Sensitive Data PDPA,สำเนา,บัตรประชาชน,,,,,,,,#ff6d01
TELESALES,การนำเสนอข้อมูลผลิตภัณฑ์ ,เอกสาร / Sensitive Data PDPA,ข้อมูล,ศาสนา,,,,,,,,#ff6d01
TELESALES,การนำเสนอข้อมูลผลิตภัณฑ์ ,เอกสาร / Sensitive Data PDPA,ขีดฆ่า,ข้อมูลศาสนา,,,,,,,,#ff6d01
TELESALES,การนำเสนอข้อมูลผลิตภัณฑ์ ,เอกสาร / Sensitive Data PDPA,ขีดฆ่า,ข้อมูล,,,,,,,,#ff6d01
TELESALES,การนำเสนอข้อมูลผลิตภัณฑ์ ,เอกสาร / Sensitive Data PDPA,ปิดทับ,ข้อมูลศาสนา,,,,,,,,#ff6d01
TELESALES,การนำเสนอข้อมูลผลิตภัณฑ์ ,เอกสาร / Sensitive Data PDPA,ปิดทับ,ศาสนา,,,,,,,,#ff6d01
TELESALES,การนำเสนอข้อมูลผลิตภัณฑ์ ,เอกสาร / Sensitive Data PDPA,ก่อน,ส่งมอบ,ธนาคาร,,,,,,,#ff6d01
TELESALES,การนำเสนอข้อมูลผลิตภัณฑ์ ,เอกสาร / Sensitive Data PDPA,ปกป้อง,ข้อมูล,ลูกค้า,,,,,,,#ff6d01
TELESALES,การนำเสนอข้อมูลผลิตภัณฑ์ ,เอกสาร / Sensitive Data PDPA,ปกป้อง,ข้อมูล,,,,,,,,#ff6d01
TELESALES,การนำเสนอข้อมูลผลิตภัณฑ์ ,เอกสาร / Sensitive Data PDPA,ธนาคาร,ไม่,ข้อมูลศาสนา,,,,,,,#ff6d01
TELESALES,การนำเสนอข้อมูลผลิตภัณฑ์ ,เอกสาร / Sensitive Data PDPA,ธนาคาร,ไม่,ศาสนา,,,,,,,#ff6d01
TELESALES,การนำเสนอข้อมูลผลิตภัณฑ์ ,เอกสาร / Sensitive Data PDPA,statement,,,,,,,,,#ff6d01
TELESALES,การนำเสนอข้อมูลผลิตภัณฑ์ ,เอกสาร / Sensitive Data PDPA,e-mail,,,,,,,,,#ff6d01
TELESALES,การนำเสนอข้อมูลผลิตภัณฑ์ ,เอกสาร / Sensitive Data PDPA,เบอร์,,,,,,,,,#ff6d01
TELESALES,การนำเสนอข้อมูลผลิตภัณฑ์ ,เอกสาร / Sensitive Data PDPA,ประวัติ,ค้างชำระ,,,,,,,,#ff6d01
TELESALES,การนำเสนอข้อมูลผลิตภัณฑ์ ,เอกสาร / Sensitive Data PDPA,เงินเดือน,ผ่าน,ธนาคาร,,,,,,,#ff6d01
TELESALES,การนำเสนอข้อมูลผลิตภัณฑ์ ,เอกสาร / Sensitive Data PDPA,หนังสือรับรองเงินเดือน,,,,,,,,,#ff6d01
TELESALES,การนำเสนอข้อมูลผลิตภัณฑ์ ,Responsible Lending,ระยะเวลา,ผ่อนนาน,ทำให้,,,,,,,#7f6000
TELESALES,การนำเสนอข้อมูลผลิตภัณฑ์ ,Responsible Lending,เสียดอกเบี้ย,เพิ่ม,,,,,,,,#7f6000
TELESALES,การนำเสนอข้อมูลผลิตภัณฑ์ ,Responsible Lending,กู้,เท่าที่จำเป็น,ชำระคืนไหว,,,,,,,#7f6000
TELESALES,การนำเสนอข้อมูลผลิตภัณฑ์ ,Responsible Lending,กู้,เท่าที่จำเป็น,ผ่อนได้,,,,,,,#7f6000
TELESALES,การนำเสนอข้อมูลผลิตภัณฑ์ ,Responsible Lending,กู้,เท่าที่จำเป็น,,,,,,,,#7f6000
TELESALES,การนำเสนอข้อมูลผลิตภัณฑ์ ,Responsible Lending,กู้,เท่าที่ไหว,,,,,,,,#7f6000
TELESALES,การนำเสนอข้อมูลผลิตภัณฑ์ ,Responsible Lending,กู้,เท่าที่จำเป็น,จ่ายไหว,,,,,,,#7f6000
TELESALES,การนำเสนอข้อมูลผลิตภัณฑ์ ,Responsible Lending,กู้,พอดี,,,,,,,,#7f6000
TELESALES,การนำเสนอข้อมูลผลิตภัณฑ์ ,Responsible Lending,กู้,อย่างระมัดระวัง,,,,,,,,#7f6000
TELESALES,การนำเสนอข้อมูลผลิตภัณฑ์ ,Responsible Lending,กู้,ตามความสามารถ,,,,,,,,#7f6000
TELESALES,การนำเสนอข้อมูลผลิตภัณฑ์ ,Responsible Lending,ผ่อน,คืนไหว,,,,,,,,#7f6000
TELESALES,การนำเสนอข้อมูลผลิตภัณฑ์ ,Responsible Lending,ก่อหนี้,เท่าที่จำเป็น,,,,,,,,#7f6000
TELESALES,การนำเสนอข้อมูลผลิตภัณฑ์ ,Responsible Lending,ไม่ก่อหนี้,เกินตัว,,,,,,,,#7f6000
TELESALES,การนำเสนอข้อมูลผลิตภัณฑ์ ,Responsible Lending,ไม่สร้างหนี้,เกินตัว,,,,,,,,#7f6000
TELESALES,การนำเสนอข้อมูลผลิตภัณฑ์ ,ข้อควรระวัง,ผ่อนนาน,ดอกเบี้ยรวม,เพิ่ม,,,,,,,#ff00ff
TELESALES,การนำเสนอข้อมูลผลิตภัณฑ์ ,ข้อควรระวัง,ผ่อนนาน,ดอกเบี้ย,เพิ่ม,,,,,,,#ff00ff
TELESALES,การนำเสนอข้อมูลผลิตภัณฑ์ ,ข้อควรระวัง,ชำระหนี้,มากกว่า,ค่างวด,,,,,,,#ff00ff
TELESALES,การนำเสนอข้อมูลผลิตภัณฑ์ ,ข้อควรระวัง,ชำระค่างวด,ไม่เต็ม,,,,,,,,#ff00ff
TELESALES,การนำเสนอข้อมูลผลิตภัณฑ์ ,ข้อควรระวัง,ดอกเบี้ย,ชำระ,เพิ่มขึ้น,,,,,,,#ff00ff
TELESALES,การนำเสนอข้อมูลผลิตภัณฑ์ ,ข้อควรระวัง,ปิดจบหนี้,นานกว่า,ชำระค่างวด,,,,,,,#ff00ff
TELESALES,การนำเสนอข้อมูลผลิตภัณฑ์ ,ข้อควรระวัง,ชำระค่างวด,ไม่เต็มจำนวน,ดอกเบี้ยเพิ่ม,ปิดจบนานขึ้น,,,,,,#ff00ff
TELESALES,การนำเสนอข้อมูลผลิตภัณฑ์ ,ข้อควรระวัง,ชำระค่างวด,ไม่เต็ม,ดอกเบี้ยเพิ่ม,ปิดนานขึ้น,,,,,,#ff00ff
TELESALES,การนำเสนอข้อมูลผลิตภัณฑ์ ,ข้อควรระวัง,ชำระค่างวด,ไม่เต็ม,ปิดจบนาน,,,,,,,#ff00ff
TELESALES,การนำเสนอข้อมูลผลิตภัณฑ์ ,ข้อควรระวัง,ชำระค่างวด,ไม่เต็ม,นานขึ้น,,,,,,,#ff00ff
TELESALES,การนำเสนอข้อมูลผลิตภัณฑ์ ,ข้อควรระวัง,ชำระค่างวด,ไม่เต็ม,ดอกเบี้ยเพิ่ม,ปิดจบยาวขึ้น,,,,,,#ff00ff
TELESALES,การนำเสนอข้อมูลผลิตภัณฑ์ ,ข้อควรระวัง,ชำระค่างวด,ไม่เต็มจำนวน,ดอกเบี้ยเพิ่ม,ปิดจบยาวขึ้น,,,,,,#ff00ff
TELESALES,การนำเสนอข้อมูลผลิตภัณฑ์ ,ข้อควรระวัง,ชำระค่างวด,ไม่เต็ม,ดอกเบี้ยเพิ่ม,ปิดยาวขึ้น,,,,,,#ff00ff
TELESALES,การนำเสนอข้อมูลผลิตภัณฑ์ ,ข้อควรระวัง,ชำระค่างวด,ไม่เต็ม,ปิดจบยาว,,,,,,,#ff00ff
TELESALES,การนำเสนอข้อมูลผลิตภัณฑ์ ,ข้อควรระวัง,ชำระค่างวด,ไม่เต็ม,,,,,,,,#ff00ff
TELESALES,การนำเสนอข้อมูลผลิตภัณฑ์ ,ข้อควรระวัง,ชำระเกิน,ตัดเงินต้น,คงเหลือ,,,,,,,#ff00ff
TELESALES,การนำเสนอข้อมูลผลิตภัณฑ์ ,ข้อควรระวัง,ชำระเกิน,ตัดเงินต้น,,,,,,,,#ff00ff
TELESALES,ช่องทางติดต่อธนาคาร,ช่องทางติดต่อธนาคาร/ไม่ประสงค์ให้ติดต่อ,สอบถาม,เพิ่มเติม,,,,,,,,#4a86e8
TELESALES,ช่องทางติดต่อธนาคาร,ช่องทางติดต่อธนาคาร/ไม่ประสงค์ให้ติดต่อ,วันทำการ,,,,,,,,,#4a86e8
TELESALES,ช่องทางติดต่อธนาคาร,ช่องทางติดต่อธนาคาร/ไม่ประสงค์ให้ติดต่อ,ในวันทำการ, วันจันทร์,ถึงวันศุกร์ ,,,,,,,#4a86e8
TELESALES,ช่องทางติดต่อธนาคาร,ช่องทางติดต่อธนาคาร/ไม่ประสงค์ให้ติดต่อ,โทร,เวลา,,,,,,,,#4a86e8
TELESALES,ช่องทางติดต่อธนาคาร,ช่องทางติดต่อธนาคาร/ไม่ประสงค์ให้ติดต่อ,เวลา,เก้าโมง,,,,,,,,#4a86e8
TELESALES,ช่องทางติดต่อธนาคาร,ช่องทางติดต่อธนาคาร/ไม่ประสงค์ให้ติดต่อ,เวลา,โมง,ถึง,,,,,,,#4a86e8
TELESALES,ช่องทางติดต่อธนาคาร,ช่องทางติดต่อธนาคาร/ไม่ประสงค์ให้ติดต่อ,ไม่ประสงค์,ติดต่อ,,,,,,,,#4a86e8
TELESALES,ช่องทางติดต่อธนาคาร,ช่องทางติดต่อธนาคาร/ไม่ประสงค์ให้ติดต่อ,ยกเลิก,หมายเลข,,,,,,,,#4a86e8